{
	"credit": "Made with Blockbench",
	"parent": "block/block",
	"elements": [
		{
			"from": [7, 7, 0],
			"to": [9, 9, 16],
			"faces": {
				"north": {"uv": [7, 0, 9, 2], "rotation": 90, "texture": "#all"},
				"east": {"uv": [0, 0, 16, 2], "texture": "#all"},
				"south": {"uv": [7, 0, 9, 2], "rotation": 90, "texture": "#all"},
				"west": {"uv": [0, 0, 16, 2], "texture": "#all"},
				"up": {"uv": [0, 0, 16, 2], "rotation": 90, "texture": "#all"},
				"down": {"uv": [0, 2, 16, 0], "rotation": 270, "texture": "#all"}
			}
		}
	]
}